{
    "loss": 1.1656099557876587,
    "accuracy": 0.9496402740478516
}