{
    "loss": 2.8886709213256836,
    "accuracy": 0.5035971403121948
}